text,x,y,z
Hardware,12.139605,12.469341,15.466581
LECTURE,4.424352,33.098553,-16.625048
Arduino,24.549215,-16.67647,5.399069
Digital,27.759684,7.043685,23.78634
Serial,8.266863,0.8854809,35.816
Dr,25.013758,28.972776,14.039065
Office,-4.5317163,7.7725205,33.190887
Email,3.9720955,34.852005,-0.19040658
We,-27.358301,-14.955082,27.512392
change,1.7437091,-1.7719465,-8.033527
control,-8.175692,7.9296265,18.961283
behaviour,-0.35699466,21.855406,3.5631735
We,2.8198254,-38.166687,17.986204
delays,1.8949684,-6.763643,-29.235859
remember,4.888706,18.387407,-28.714117
things,-17.012884,-11.566816,-9.86214
accordingly,-20.409681,-10.090339,12.466622
etc,11.114358,-18.93618,24.4019
Microcontrollers,33.233166,0.16751646,5.381569
Frequency,18.876867,-24.757927,-12.930742
Memory,3.919255,22.187963,-23.977245
Ports,16.513067,12.799959,6.5453877
Radar,15.2874365,-3.2705135,0.30113283
Command,-5.369952,12.291567,20.812584
Power,-2.9420369,-1.2432364,13.340912
Weight,5.7199955,-9.953451,6.4973717
Price,1.2852086,-17.513283,-17.193348
Frequency,18.876867,-24.757927,-12.930742
Memory,4.3205833,22.314337,-23.793056
Ports,16.513067,12.799959,6.5453877
Power,-4.2094207,-0.6276061,13.823661
Weight,5.6190987,-9.986835,6.9451356
Price,1.1527609,-17.801517,-17.53525
General,-8.9153385,-12.353835,11.217174
200mW,12.465331,-27.167084,-6.251065
complex,0.8875501,-3.9081585,2.8946064
vs,10.959808,-20.65483,24.341303
inputoutput,6.3845277,21.982092,27.966686
everything,-19.077463,-15.399237,-8.773996
Real,-25.750406,10.033466,-8.969318
Easy,-18.957403,-1.03135,-23.974113
Atmel,32.077827,1.802914,6.7070894
microcontroller,34.182186,-1.112281,4.345518
Microcontroller,32.74296,-0.5783518,4.129253
Arduino,21.8464,-4.5096784,11.381267
around,-6.528653,-17.342222,21.232512
What,-19.905699,-19.862284,-23.672132
Development,0.13282058,21.764444,12.867119
Arduino,31.198555,-4.8819485,12.60248
API,3.5563252,16.811584,7.257149
An,-36.177586,-22.04203,6.9068847
Open,-8.413346,2.838826,-3.5193126
Hardware,12.704495,13.873371,16.531796
Forums,-8.900103,9.77535,-17.028757
Output,1.6194403,18.150084,25.614693
Vin,26.219305,13.061829,3.3495352
USB,11.582435,-3.3116448,27.61617
5V,6.909702,-35.67086,-2.9588432
DC,27.602858,0.8982308,14.073528
Jack,29.595991,9.90027,7.0943165
IO,20.9722,30.53122,-3.7200468
Some,-12.437829,-12.180092,-7.66166
Pin,25.150625,13.589808,2.6955593
Input,-18.331774,27.999582,10.17059
Output,-0.2124887,19.071138,26.89166
Input,-15.379087,25.850426,6.5987353
15V,9.637115,-36.152496,-6.0310235
same,-25.861856,-3.295819,-5.111991
Digital,25.749868,7.9390554,24.34389
5V,10.516378,-35.751057,-2.0470889
0V,9.012576,-28.20362,-4.0352106
Output,1.0459937,19.876747,27.138468
Input,-18.331774,27.999582,10.17059
Arduino,33.326675,-4.5939097,11.767086
Arduino,31.382166,-7.746065,15.013116
PWM,21.28396,6.0825753,4.8777843
Analog,16.993017,4.3379984,-28.670593
aka,8.416172,-24.90984,17.712297
Hands,5.8200264,21.869066,-14.76201
Arduino,24.549215,-16.67647,5.399069
Login,2.5355148,36.44746,-0.4302456
Prepare,-6.5116324,11.437376,5.04537
Take,-16.832796,10.573766,1.1447575
Use,-17.610823,21.283785,21.823545
Arduino,31.712532,-8.546713,12.652413
Download,-4.209379,14.1026745,2.662079
Install,-4.897766,13.680486,3.5905676
An,-36.177586,-22.04203,6.9068847
writing,11.415276,30.065866,7.650664
saveload,-3.309153,14.666155,1.3746997
Compiling,-10.547738,17.046865,4.971405
Compile,-9.921182,16.457207,5.152614
check,-8.486478,30.898191,-7.4676027
without,-15.489215,-2.1401703,14.880076
choosing,-13.553697,21.343613,-2.6712997
microcontroller,34.182186,-1.112281,4.345518
framework,6.3810496,13.904453,15.446815
Flashing,6.940973,8.628681,-13.895848
After,-21.274492,-2.0952177,12.221273
usbserial,8.207975,-1.5560386,30.234077
Setting,-8.31511,13.660942,11.257547
Structure,-2.1391277,14.423351,8.547503
setup,-6.623493,13.713481,6.023322
Runs,-6.8002434,18.152615,26.54037
main,-25.74613,25.509615,5.479103
Runs,-6.992017,18.775295,26.992126
similar,-23.659424,-4.4403753,-6.501498
Start,-5.6500087,8.885496,-1.9278541
setup,-6.623493,13.713481,6.023322
loop,14.581895,18.088478,-2.9896905
Repeat,14.675886,17.484354,-1.6278461
Forever,-5.730857,-10.751993,-16.935684
Hello,0.9465486,33.71687,-4.825179
Structure,-2.1391277,14.423351,8.547503
Find,-3.9719446,11.105624,-11.362414
Variable,3.7042031,-26.861528,-13.53137
Global,-8.670829,-11.73848,11.426576
Local,-7.896289,-9.501997,11.871555
If,-23.308077,-24.307337,16.501368
inside,-4.204251,-12.259977,22.953182
inside,-4.204251,-12.259977,22.953182
Comparison,-9.406783,3.9169602,-12.426985
If,-23.082249,-27.8445,12.140833
Loops,14.587069,18.526127,-4.007314
declare,-5.7568994,17.655144,-10.423175
eg,11.155592,-17.909763,23.046995
Initialize,-6.230941,9.063,2.5398562
test,-4.6237955,23.719358,-5.4813075
condition,-6.7916794,8.380255,13.430087
Increment,-1.5619845,-2.1133165,-7.7810564
Blinks,9.907475,6.8809114,-14.759597
Print,3.3956687,14.401038,28.275057
int,-0.9526689,-16.929382,21.011389
test,-4.205659,23.911476,-4.9779525
print,3.7859104,13.917417,28.363155
timer,4.0338454,-11.579776,-26.401886
Hello,0.9465486,33.71687,-4.825179
Serial,7.2258143,2.1557372,36.16411
Serial,5.8998156,-0.12765251,36.11231
Flash,6.41552,9.361757,-14.424583
Write,10.436299,30.236109,6.353989
Open,-9.075091,3.0160139,-3.2092538
What,-19.905699,-19.862284,-23.672132
What,-19.905699,-19.862284,-23.672132
Counting,-4.089253,4.338855,-17.13278
put,-5.346572,3.5796254,24.1671
Nested,-3.9378383,-9.226873,22.632017
Arduino,31.47239,-5.406011,15.0724
Interfacing,1.2844961,19.380262,4.4061394
sensors,11.560116,3.6528594,-4.576377
actuators,13.24571,1.7910137,-7.704583
Power,-3.5051453,-0.09599253,12.591944
battery,-6.6231313,1.2115281,13.0796995
Enhanced,-13.2404,-4.566303,1.3516595
More,-7.7440104,-20.277369,-1.0299087
real,-26.88227,9.913621,-10.855451
wireless,12.275391,-11.045208,16.27927
Wifi,12.273125,-7.0460606,16.063189
even,-28.54826,-6.170822,-3.656889
Elemental,-10.26593,-5.019078,-24.829693
Input,-15.666288,27.343832,7.68618
Input,-15.666288,27.343832,7.68618
Arduino,24.549215,-16.67647,5.399069
Output,0.32820675,17.8932,27.685598
Value,2.2295997,-21.501783,-17.153036
Output,1.6179466,18.658909,27.916647
Input,-16.502144,25.793045,7.888883
Arduino,30.353924,-6.8888783,13.238999
Arduino,30.70027,-7.4865685,10.864662
analog,19.929453,5.205012,-20.839157
simulate,-2.6379964,21.602207,-6.1969376
modulation,12.634142,-1.2419934,-17.404066
later,-8.787447,-17.22807,6.377294
Arduino,24.549215,-16.67647,5.399069
Examples,-4.401111,26.80848,3.9517362
Programming,1.5257487,22.619444,12.797737
pinModepin,26.648382,16.950687,-5.2289696
Initialize,-5.8428607,8.8591585,2.7064114
digitalWritepin,27.829058,16.231762,-11.175189
Outputs,-6.226024,25.267729,26.396788
int,3.2481894,-17.397295,23.964617
pinModeledPin,27.30129,18.364866,-5.7596483
digitalWriteledPin,28.190313,16.961054,-11.676256
Note,-5.0731716,16.829287,-29.155806
pin,24.168186,14.42648,0.96626806
pin,24.076828,15.2956085,2.242527
Also,-21.484919,-9.716072,-1.0193038
Change,1.1895432,-1.7724059,-7.959287
GND,32.294262,3.2917213,-18.661167
pin12,27.214525,20.30791,1.1687163
05V,9.253092,-36.97717,-4.950202
Use,-18.518978,19.728474,22.552572
Connect,-7.9182806,3.3608935,2.853184
Connect,-7.076213,3.6100364,3.462555
note,-11.701348,30.037907,-22.495054
Simple,-17.806536,-1.8979378,-25.137526
delay1000,4.8747425,-8.858961,-24.702616
This,-5.9809885,-34.38776,-12.896094
Can,-30.39154,7.78766,12.371303
make,-13.277013,10.823765,1.3143954
example,-4.676635,29.488306,3.8218393
First,-1.2093824,-26.875578,1.1286122
sensoractuators,12.944959,2.3667758,-6.659304
circuit,14.178777,-9.532438,7.9509187
embedded,-4.237426,-6.8183813,22.880224
Rapid,10.787715,-17.57271,-18.857197
schematics,13.017609,-10.692233,9.348752
prototyping,-4.5507426,21.589237,2.1154172
simplified,-19.03073,1.7838169,-27.728971
prototyping,-4.5507426,21.589237,2.1154172
Soldered,10.922765,-11.84499,10.318025
From,-16.813961,-0.824627,25.09142
From,-16.973837,-2.1035917,24.011854
From,-18.308477,-1.5683317,24.882322
pinModeswitchPin,28.11594,17.012308,-6.4505835
digitalReadswitchPin,28.956417,16.840183,-9.902113
Connect,-8.0618,3.6466384,3.8698173
one,-12.228251,-16.446724,-10.31227
BUT,-15.113517,-1.129787,-37.972527
CLOSED,-9.21713,0.32669938,-2.945064
5V,7.5219064,-34.12285,-3.7769902
5V,6.909702,-35.67086,-2.9588432
OPEN,-8.976187,1.734398,-3.181538
positive,-17.309269,2.0194955,-3.006297
HIGH,-11.900318,-4.206603,-4.340004
negative,-16.97122,1.6450933,-2.3326783
LOW,-9.139049,-5.3485203,-5.355933
GND,32.294262,3.2917213,-18.661167
GND,33.76997,1.6922896,-18.04511
Pull,0.1587425,1.0707165,20.360664
Pullup,0.2505664,4.389761,18.261396
circuits,13.813494,-9.93566,8.400234
disconnected,-8.314332,-1.5471673,4.8903146
Just,-22.465363,-4.6360207,-23.041124
connected,-7.1714897,0.28107736,4.9807653
zero,7.1859655,-27.752264,-3.5456593
connected,-7.6529284,0.09523852,3.7599506
pulldown,2.3767788,5.3339257,19.561634
Arduino,32.444775,-6.370268,13.467917
activated,-3.712451,0.7275983,-0.30105576
pinModepin,27.140955,17.085402,-5.011697
Inverted,11.197946,-2.9413233,-3.183898
Switches,7.8458633,1.3217435,-8.504704
So,-17.17547,-11.432957,16.403011
This,-4.192124,-37.908596,-7.197876
Note,-7.699181,14.823821,-27.116562
connected,-6.5252447,-0.46683025,4.1145005
Code,1.3461322,33.30027,15.334888
While,-27.623701,-11.243105,-1.464763
otherwise,-21.831442,-12.135535,4.4932394
Note,-5.0731716,16.829287,-29.155806
They,-2.2812333,-31.943998,13.64964
TRY,-3.0242105,27.626392,-9.987583
Important,-8.615869,9.232274,-28.385876
voltage,13.433871,-16.885286,-6.700976
It,-18.14549,-31.711704,-1.739463
Arduino,22.775496,-4.338263,12.765147
We,-27.358301,-14.955082,27.512392
Ohms,9.714969,-17.953781,-5.2828665
5V,6.909702,-35.67086,-2.9588432
2V,10.7584095,-27.871033,-4.80775
Code,1.3461322,33.30027,15.334888
toggles,7.4963923,2.632058,-9.328603
Note,-15.897132,27.467722,-20.044266
delay,1.5689863,-7.1749825,-29.136015
TRY,-2.760261,28.197994,-9.106614
Try,-1.1082965,26.32142,-8.7688875
Use,-21.25089,17.108648,15.549956
continuously,-9.883102,-11.216575,-20.346308
Read,11.786223,30.550692,-7.482979
startstop,-2.6252525,7.229959,-3.9435213
meaningful,-13.872396,-5.139568,-14.797497
An,-36.177586,-22.04203,6.9068847
Just,-22.465363,-4.6360207,-23.041124
Press,0.18460357,-0.15259427,21.872683
Same,-27.033949,-1.2370442,-6.2214885
There,-6.687184,-32.06576,8.939508
Check,-8.824029,28.700033,-6.7440343
Beginner,-14.715223,-2.5417998,-26.558235
jewellery,16.617203,12.666134,12.438208
humidity,1.9810119,-7.6943283,10.519997
Next,-3.1825795,-25.972893,1.136767
potentiometers,18.220274,-15.413979,-5.6246915
OK,-24.1352,12.124659,-22.823032
Appendix,-12.400484,10.424786,-10.366831
Sun,4.275942,-17.819372,8.905371
More,-6.198034,-20.208197,-0.37625927
Sun,4.275942,-17.819372,8.905371
°æ»è¬å,9.391005,-23.536928,15.965379
Google,12.941223,2.5342991,19.393148
Hardware,10.835658,13.032733,17.703087
LECTURE,4.007356,31.68361,-16.95527
Analog,16.993017,4.3379984,-28.670593
Elemental,-10.26593,-5.019078,-24.829693
Breakout,2.0503054,5.745539,14.958301
Dr,25.013758,28.972776,14.039065
Office,-4.5317163,7.7725205,33.190887
Email,4.3291283,35.835293,0.59721625
What,-19.905699,-19.862284,-23.672132
Digital,27.759684,7.043685,23.78634
digitalWritepinLED,27.267628,17.053097,-12.070862
Digital,21.184175,11.045067,32.10948
boolean,3.5344665,-18.626612,17.270063
val,5.650233,-23.140442,-18.01849
Reminder,7.2454686,14.171531,-28.12314
If,-24.22313,-27.314114,10.828677
then,-25.058002,-14.660973,11.490292
Note,-6.809907,15.285241,-29.307468
can,-29.559315,8.616827,9.75784
How,-38.474426,-4.956481,12.263297
Timing,1.083943,-12.392623,-32.239895
Keep,-31.011646,2.5440352,-16.891598
becomes,2.8166142,11.012561,-0.7011733
Keep,-32.2615,2.351829,-15.7733
time,0.51006603,-14.4211035,-24.790068
This,-5.9809885,-34.38776,-12.896094
switch,4.6001315,0.79107285,-7.5840254
Note,-7.2471514,17.346876,-30.246933
This,-5.9809885,-34.38776,-12.896094
Interesting,-18.512068,-2.9106262,-13.038731
Digital,26.929203,6.63578,21.921677
Use,-18.479229,21.36024,23.650627
Use,-16.891544,20.094646,23.369236
have,-23.400248,3.4839003,7.4232173
Digital,25.118074,7.444536,22.426096
Use,-18.479229,21.36024,23.650627
motion,7.7140083,-7.3117733,-9.682983
Your,-9.044765,-30.276833,15.081756
OLD,-8.488713,-4.4202743,-3.7887623
This,-5.9809885,-34.38776,-12.896094
interesting,-17.633177,-4.3142114,-12.96809
such,-14.458081,-14.420836,15.911744
compass,3.7551198,-3.0426676,2.8166573
rangefinder,14.576097,-15.229567,2.718167
module,0.22202092,14.01481,14.260829
pressure,2.5446837,-6.3779573,11.09062
If,-22.713491,-22.038912,15.050404
send,7.6963725,28.713991,2.3902707
components,3.1267056,12.820732,13.848945
much,-6.595447,-12.404097,-4.000286
things,-16.96515,-12.252358,-10.642215
New,-7.58501,-4.4008107,-2.4890842
GROVE,34.523987,0.7369161,-17.042625
interface,2.126189,16.968824,6.9559026
We,2.8198254,-38.166687,17.986204
of,-10.2681,1.8503042,32.32196
For,-16.523563,-5.0032644,29.646719
modules,1.5646238,13.502201,14.238433
Lets,-27.734686,14.226037,7.7758155
electronics,23.067469,-0.944859,2.9747555
microcontroller,34.182186,-1.112281,4.345518
Note,-7.221131,13.73916,-30.959171
case,-4.1365585,25.403109,10.108303
breadboard,23.327854,-13.432196,4.4038157
Each,-16.320686,-18.897202,-11.4102955
automatically,-10.440247,-12.667523,-20.62498
Add,-14.212648,10.233913,-3.157408
library,4.929716,13.304233,19.634266
templates,4.252818,13.298284,14.444475
examples,-5.4587975,28.197184,3.422171
Note,-8.748762,14.125421,-29.234879
For,-16.523563,-5.0032644,29.646719
use,-20.888453,9.649567,24.739855
decode,-1.6784223,14.019836,-6.659806
Analog,18.607637,4.7278633,-28.426458
Digital,25.86264,5.828901,23.51071
Analog,13.020039,4.7197733,-25.006317
Interface,1.4941843,16.80566,7.0626197
digital,31.675995,8.066869,18.297802
analog,18.714308,4.82355,-21.19905
But,-32.104324,-18.017593,-4.7929955
Smart,-21.318623,0.96651995,-14.048494
They,-2.2812333,-31.943998,13.64964
protocol,10.166545,25.11789,18.707136
These,-9.940129,-32.29869,-9.632094
elemental,-9.704455,-4.178726,-25.92285
Sensors,11.589041,3.516741,-4.093421
Actuators,13.143905,1.5182816,-8.255688
voltage,14.744491,-17.606623,-6.748985
voltage,14.744491,-17.606623,-6.748985
discrete,-9.64796,-8.026026,-21.505661
voltage,14.82171,-16.173174,-7.0887036
values,0.57529366,-24.498993,-17.711542
continuous,-9.063331,-9.650447,-20.22353
voltage,13.125998,-14.596171,-5.8468432
values,0.53933656,-24.275621,-18.369568
time,0.11491497,-15.975559,-24.992672
Note,-3.3256493,15.374401,-29.39754
Input,-17.02934,26.744125,6.491552
Output,0.2352576,19.352703,28.467329
Input,-15.4861355,27.411613,5.9127026
Arduino,34.48883,-6.5113397,10.83481
Value,2.3143563,-21.824425,-16.53784
Output,0.2352576,19.352703,28.467329
Digital,25.749868,7.9390554,24.34389
Analog,17.444899,5.36296,-27.41419
Input,-17.02934,26.744125,6.491552
Arduino,35.047733,-5.3300333,12.809104
Arduino,32.37578,-6.3738775,11.266065
output,5.079106,20.46923,28.05605
pulse,18.480331,7.54438,0.20182598
later,-8.733565,-17.579603,6.0751977
What,-19.905699,-19.862284,-23.672132
Light,3.6096451,-14.003679,4.97202
Sound,17.371223,9.803846,-7.981849
Temperature,4.092223,-5.713188,10.070469
Pollution,-7.520179,8.638421,-18.569778
Force,1.2312462,-3.8003361,15.76303
Bend,10.542016,12.256732,-1.4315667
Magnetic,21.779177,-3.773474,-8.282171
Acceleration,11.690734,-10.653099,-15.656814
Distances,1.6145469,-9.4594,-14.516598
Also,-22.43899,-9.251365,-1.1923395
Brain,9.109677,21.818283,-20.815508
Muscle,9.534517,24.765676,-20.865938
Thermal,17.612875,-2.9681118,-2.700625
everything,-19.091269,-14.987555,-8.168167
And,-27.860096,-8.86407,7.7736654
Here,-6.8198037,-35.649952,3.8126237
Analog,12.93591,3.583814,-25.720165
Analog,16.993017,4.3379984,-28.670593
read,10.421099,30.109589,-7.8201175
Use,-21.226784,17.538654,13.69317
They,-2.7657719,-30.834883,14.157097
But,-33.615444,-14.484009,-8.804638
It,-18.14549,-31.711704,-1.739463
Voltage,7.1406636,-20.67728,-5.764413
int,4.059505,-21.94134,22.597284
ADC,27.53385,-0.6612692,13.520477
pins,19.287315,13.725526,0.16985059
This,-4.192124,-37.908596,-7.197876
ADC,27.53385,-0.6612692,13.520477
So,-18.147192,-12.083909,15.836723
Lets,-27.01443,13.759989,7.203655
Recall,6.1762857,19.409065,-26.151415
5V,6.909702,-35.67086,-2.9588432
0V,9.309511,-27.523499,-3.3662198
5V,6.909702,-35.67086,-2.9588432
0V,9.38207,-28.544918,-3.216336
R1,21.099636,-26.495672,0.94734275
R2,19.938261,-30.507917,0.73119724
R1,19.891998,-26.68956,1.4713039
Remarks,-10.80525,10.819377,-13.761508
Dont,-31.763388,10.640478,0.6994748
Dont,-32.34775,9.948854,1.2065686
Hands,5.8200264,21.869066,-14.76201
value,3.7021308,-22.72054,-18.566578
Reads,13.089411,26.82116,-7.646759
Returns,-2.6398618,21.711445,22.60047
Much,-8.137632,-12.789915,-4.3879
use,-20.888453,9.649567,24.739855
TRY,-3.0242105,27.626392,-9.987583
Use,-17.610823,21.283785,21.823545
blinking,8.189249,6.919951,-14.317759
Stroboscope,21.908237,6.025864,12.766011
Light,3.2831616,-13.190702,5.079754
Photoresistors,20.696692,-13.081983,-4.1845922
Resistance,9.697545,-17.221603,-3.7923543
High,-13.337344,-4.2243104,-5.4754863
About,-15.256939,7.170752,-10.152953
day,2.064412,-16.603006,1.1590471
night,2.4842427,-15.578214,2.6034374
By,-18.772537,-0.12400396,18.198599
Photoresistor,20.408737,-12.65975,-2.9910815
But,-32.104324,-18.017593,-4.7929955
Arduino,33.255863,-4.3254824,13.992326
We,2.8198254,-38.166687,17.986204
One,-12.363146,-17.718866,-10.909019
R1,20.977512,-26.83344,2.228962
R2,21.04396,-30.70144,1.4514141
Arduino,32.72117,-9.308573,14.267711
R2,21.137558,-30.365921,0.163803
R1,20.977512,-26.83344,2.228962
But,-32.104324,-18.017593,-4.7929955
To,-13.75788,-11.375554,30.849714
analog,19.764118,4.100009,-21.542294
R2,21.137558,-30.365921,0.163803
Pullup,0.2505664,4.389761,18.261396
Question,-22.322508,23.62377,-3.6646795
Can,-30.39154,7.78766,12.371303
brighter,-1.8840834,-13.342654,6.1637297
Answer,-22.179459,22.949284,-3.4340625
Both,-10.635123,-21.88136,-9.1238985
It,-20.354677,-32.626133,-0.76764005
bright,-0.9753328,-12.949303,6.875593
What,-19.905699,-19.862284,-23.672132
Dont,-32.34775,9.948854,1.2065686
As,-15.691758,-11.421342,19.871918
voltage,13.5914345,-14.478247,-6.68775
used,-14.878027,6.037523,6.3239202
OK,-21.524784,12.098406,-21.818264
Hands,6.7078156,20.07922,-14.9795685
Code,1.3461322,33.30027,15.334888
Observe,-2.44148,14.346716,-19.843678
serial,9.670741,2.7504091,36.96006
Here,-6.8198037,-35.649952,3.8126237
Values,0.041685235,-23.112118,-17.587236
What,-19.905699,-19.862284,-23.672132
Since,-26.861233,-5.21114,18.00935
float,2.1720781,-19.448635,18.001255
Now,1.5691527,-18.961441,-1.2878294
measurement,-4.052509,-0.7696055,-17.49236
Notes,-5.6462793,16.297865,-25.126375
voltage,14.475485,-16.633194,-5.625527
fractions,1.9097364,-6.847595,-15.079268
thinks,-9.731186,-26.895784,-16.616507
other,-16.316576,-16.616253,1.6181717
Opto,21.155497,-5.2840333,-3.0284665
rotary,12.781108,-6.7751427,-8.642258
Fast,9.716817,-15.591297,-17.01089
communications,11.597538,19.34078,6.1743913
Beam,13.165795,11.22228,2.8923106
trigger,0.3557839,3.675858,-0.9584392
speed,9.285189,-11.22847,-15.000306
Magnetic,21.7521,-2.7444792,-8.176106
Analog,12.153988,4.6272554,-26.029951
Arduino,23.459497,-4.051836,11.25955
It,-23.312332,-29.7682,-0.007899098
How,-38.474426,-4.956481,12.263297
pins,19.15941,13.922485,0.64275885
control,-9.019014,8.754911,18.34034
generate,-9.648998,15.158632,-4.1974936
Cool,-18.721897,-1.3354843,-12.377033
Pulse,18.345018,7.1584826,-0.14582947
fast,10.459454,-15.902779,-18.12765
etc,11.114358,-18.93618,24.4019
analogWritepwmPin,28.479343,13.52405,-12.488434
value,3.7267435,-23.421766,-17.699709
value,3.7267435,-23.421766,-17.699709
Try,-1.5566458,25.906805,-8.809596
Remarks,-11.513859,11.807342,-13.369099
If,-23.308077,-24.307337,16.501368
Code,-0.6147091,35.049305,12.97851
pwmValue,28.960775,12.211625,-11.600273
Remarks,-10.7359705,11.8800745,-14.430224
analogRead,27.90497,13.786544,-15.555487
LED,22.116352,1.4502473,6.7592926
not,-35.124485,5.512024,-1.1625454
needed,-9.489662,4.9976554,10.409856
Remarks,-11.830727,11.132188,-14.453729
analog,19.560474,5.2748857,-22.089607
here,-8.264484,-35.434425,3.9946501
What,-19.905699,-19.862284,-23.672132
photoresistor,21.622578,-12.614903,-2.6022596
Calibrate,-1.1759402,3.8954954,-23.29558
light,2.204087,-14.347266,5.6756244
Make,-14.716418,10.268764,0.57583416
light,1.9239839,-14.047656,4.8858685
Making,-13.924046,15.077558,-0.12795445
Making,-14.186947,14.504757,0.67118347
STROBOSCOPE,22.017914,5.548057,12.784783
Use,-16.618828,21.933416,23.36028
Start,-5.7169576,8.281692,-1.5825279
appears,3.1712468,12.664489,-0.5954859
Such,-14.688573,-14.207238,16.310308
discotheques,4.6356153,11.701543,20.950254
ZOETROPE,37.686077,-8.173395,-3.136327
blinks,9.095171,6.6201158,-15.2778635
photoresistor,21.336071,-11.820108,-2.8651576
used,-14.483338,5.8049164,6.2721343
flickering,7.25873,6.0322533,-13.625289
Next,-2.9340851,-26.39337,2.352297
Timing,1.083943,-12.392623,-32.239895
Audio,21.865301,3.3518593,-5.682862
Other,-16.250458,-16.934977,-2.4857895
Hardware,11.533445,14.034583,15.2454815
LECTURE,4.424352,33.098553,-16.625048
Timing,2.3883345,-11.79444,-32.714214
Audio,20.602661,3.1864452,-5.997631
Dr,25.013758,28.972776,14.039065
Office,-4.5317163,7.7725205,33.190887
Email,4.604287,35.886894,-0.683576
Sound,17.371223,9.803846,-7.981849
Sound,18.14082,9.118019,-7.093273
Pressure,2.8853776,-5.180676,11.626953
flipping,4.132351,3.7822406,-12.340255
This,-5.9809885,-34.38776,-12.896094
Frequency,18.93136,-23.651754,-13.502789
Hearing,16.159607,11.393263,-7.0972033
Producing,-12.367724,15.6299715,0.8612622
Real,-24.343538,10.300528,-7.927849
Real,-25.750406,10.033466,-8.969318
Music,23.428936,6.6743298,-5.66519
Noise,16.652498,8.029435,-6.5541677
Knock,15.270202,12.804955,-14.613825
Spectrogram,16.240885,-2.881851,-16.75081
amplitude,18.60339,2.6663542,-16.881145
waveform,15.237762,-2.0662782,-17.08265
frequency,17.536268,-25.158947,-15.181038
When,-30.396048,-1.8396192,15.675556
fundamental,-10.7595415,-2.2931538,-27.016489
Android,12.604201,0.8021754,19.033213
Blue,-1.4115913,-12.429769,8.529534
iPhone,12.48229,0.3110713,19.511436
Artificial,-22.997416,11.957902,-3.4107623
Additive,-13.832906,9.570223,-4.3551836
Synthesizer,19.538559,8.75384,13.2118025
Aphex,7.8089056,1.3537489,17.557474
Granular,-10.014552,-6.5957823,-23.143124
Electromagnet,25.300568,-3.6584675,-9.220261
Piezo,34.54764,-7.18418,-7.1011925
Note,-15.897132,27.467722,-20.044266
impedance,10.709017,-15.983483,-2.3955293
Could,-29.885542,2.861037,10.157824
amplification,18.612059,2.615588,-15.349601
Piezo,34.49684,-8.882678,-6.80019
reverse,8.527089,-2.4902747,-3.9779956
sound,19.531065,9.6294,-8.91151
Directly,0.5895582,-6.416086,-2.9604268
pin,24.168186,14.42648,0.96626806
active,-3.609084,-0.36193132,-0.31985208
passive,-3.4085598,-1.8619941,-0.41527423
Electromagnet,25.300568,-3.6584675,-9.220261
May,-30.068865,2.0006895,11.380781
Piezo,34.54764,-7.18418,-7.1011925
Arduino,33.265335,-8.559602,11.037772
Bone,10.183414,23.150381,-20.552992
Note,-5.0085416,13.871518,-29.838932
made,-14.682372,8.57093,2.237535
Arduino,34.441097,-9.345892,12.921021
Bone,10.183414,23.150381,-20.552992
Singing,13.80595,21.132296,2.8162735
zeusaphone,8.304984,1.1922252,17.689447
musical,24.920914,7.8001127,-4.825821
chamber,14.993409,-8.51525,6.932514
Audio,20.966179,4.2501383,-5.355254
Digital,25.86264,5.828901,23.51071
But,-32.104324,-18.017593,-4.7929955
Using,-17.95895,4.679909,12.507421
PWM,20.454182,6.0633087,5.492118
analogWritepin,28.221687,14.165487,-13.054092
But,-33.615444,-14.484009,-8.804638
Note,-5.0085416,13.871518,-29.838932
Check,-9.608103,28.892134,-7.866745
Long,-4.7364883,-10.343988,-15.779084
Reduce,-3.048225,-3.0142522,-7.711293
top,-11.829793,-12.555144,32.07084
GND,32.294262,3.2917213,-18.661167
pin8,25.985641,19.379398,0.5981837
Same,-27.67454,-2.046764,-6.5649376
only,-26.352283,-7.8226953,-22.203901
ADVANCED,-13.31381,-5.759207,0.6900195
Use,-20.129072,17.179272,16.361887
three,-8.903525,-18.339981,-11.461751
sinusoidal,-10.409799,-10.999021,-25.92387
It,-23.312332,-29.7682,-0.007899098
can,-29.559315,8.616827,9.75784
cannot,-35.32666,5.6907105,6.9430766
Generates,-9.855681,15.676361,-3.3315048
frequency,17.536268,-25.158947,-15.181038
tone,30.509138,15.017384,8.935406
tone,29.40024,14.921469,9.629673
pin,23.209225,14.00622,2.0900645
duration,-1.2550867,-10.945518,-26.725086
frequency,16.594774,-24.609535,-14.278481
noTonepin,27.07173,15.836324,-3.6247313
Use,-22.371944,17.726112,13.92993
GND,33.61024,2.3069177,-20.399002
pin8,26.358936,19.076479,0.5095541
Note,-7.221131,13.73916,-30.959171
some,-12.674675,-12.491268,-8.388241
sound,19.651676,10.432901,-8.533585
Note,-5.2740865,14.900898,-27.646736
analogWrite,28.072475,13.9518,-14.381127
tone,30.511942,14.4101925,10.096362
fixed,-3.865079,-4.2188673,5.5137415
variable,4.787854,-26.30574,-13.823535
variable,4.708529,-26.838741,-14.280987
fixed,-4.01506,-4.2636647,5.9443555
Lets,-27.899426,14.06499,6.7712736
This,-6.7156496,-34.88501,-5.7860785
frequencies,15.632133,-24.874376,-16.286638
This,-5.9809885,-34.38776,-12.896094
Hands,5.8200264,21.869066,-14.76201
Create,-14.726245,11.147859,-1.7209476
toneMelody,28.077904,7.5635524,-3.8133903
Choose,-13.681845,21.77665,-2.792749
pitchesh,17.459436,11.414762,0.87046516
More,-6.899389,-18.82353,-1.0046059
II,21.090347,30.620329,-4.3680816
Sound,18.003633,10.4019785,-6.910315
Carbon,12.23771,22.911446,-20.368229
resistance,9.95632,-16.788443,-3.1991863
Electret,26.86265,-3.8049753,-9.163697
modulated,12.101306,-1.4153402,-18.154535
Piezo,34.289448,-8.373715,-8.212909
output,4.8210278,21.066154,27.160906
Dynamic,15.132066,-12.290755,-28.744938
microphone,17.56634,2.4504082,13.067176
output,4.502498,21.406036,28.16572
MEMS,28.636843,-0.22871934,-1.3365104
microphone,17.144207,2.963813,12.277799
compact,1.5624758,-3.5514505,2.815688
smartphones,12.595462,0.41049674,17.468576
Piezo,33.032284,-7.8979707,-7.501308
Pressure,2.8853776,-5.180676,11.626953
Others,-15.032161,-17.51552,-3.712933
microphone,17.144207,2.963813,12.277799
shockvibration,17.69071,-5.065146,-13.35151
capacitive,19.500645,-3.2965412,-9.434161
force,2.4870656,-5.5037546,16.395452
touch,1.8701382,18.742994,-10.94804
Audio,21.308792,4.0814447,-6.6235285
Analog,13.020039,4.7197733,-25.006317
We,-27.358301,-14.955082,27.512392
represent,-1.5507306,21.022238,-7.7099276
int,-2.3822896,-18.408787,26.294737
To,-14.964042,-11.490982,27.685558
If,-23.308077,-24.307337,16.501368
like,-22.451355,-5.195238,-6.347065
How,-37.407726,-6.8953166,15.286581
Periodic,-10.1470585,-11.498641,-24.351692
Bad,-16.504944,1.0833799,-1.2793916
program,3.0306728,24.729443,12.659389
other,-15.581377,-16.331524,0.53888357
By,-18.772537,-0.12400396,18.198599
unsigned,-1.19394,-18.401318,15.220493
millis,0.20029299,-6.4734464,-20.205505
Arduino,33.69327,-7.3739057,12.734269
It,-24.741371,-30.83004,-0.54833245
can,-29.559315,8.616827,9.75784
Note,-7.2471514,17.346876,-30.246933
long,-4.2930565,-10.236148,-15.350863
This,-5.9809885,-34.38776,-12.896094
Code,1.3461322,33.30027,15.334888
without,-15.318676,-2.4123197,13.895381
Everything,-18.549631,-16.18616,-7.770893
periodExec,-5.9561615,-14.725619,-27.027529
still,-28.45357,-10.036647,-1.8674014
Solution,-21.87639,21.519955,-3.2403994
Timer,4.03179,-11.687803,-27.080463
main,-25.360224,25.736225,5.582187
This,-7.244923,-36.830658,-12.940911
Moreover,-22.967867,-11.133877,-1.4378078
Library,4.072181,13.470257,20.478092
ml,-4.955547,-12.393349,-3.9622805
periodically,-10.088482,-11.812271,-23.74727
Piezo,33.529747,-7.9674325,-6.0675397
Piezos,35.568394,-5.581715,-7.1188874
Put,-5.212233,2.3968942,24.121931
voltagecurrent,13.770654,-16.746754,-9.080136
drum,17.114851,9.762751,13.839333
Electronic,22.883812,-1.2227888,2.0983248
Detecting,-0.4701796,7.7317185,-12.909031
check,-9.224538,30.998621,-6.8991966
threshold,-0.03002323,-19.87109,-8.796691
Actual,-24.240984,10.5856,-6.176664
lot,3.1431854,7.868584,6.26422
Code,0.6213403,32.084774,14.42708
Problem,-21.059746,21.47444,-6.8447714
If,-22.128645,-26.479094,17.74005
two,-9.634824,-20.046713,-9.566389
Problem,-21.453938,20.639723,-8.221456
Threshold,0.87553096,-19.06329,-8.524384
hit,1.5918208,17.543142,-11.305417
But,-32.104324,-18.017593,-4.7929955
several,-8.777618,-13.44617,-7.7439284
Program,1.7740848,24.977793,12.411876
Debouncing,5.3490953,-5.34448,-26.135767
If,-22.583685,-27.079514,11.581426
detect,-1.0924004,12.200263,-13.387866
Similar,-24.207872,-4.0475397,-6.841008
How,-38.474426,-4.956481,12.263297
Keep,-31.011646,2.5440352,-16.891598
Keep,-31.95833,1.1470304,-16.935205
passed,-5.9087825,1.4647076,10.404349
more,-5.4951944,-14.412088,4.009562
MAX_BOUNCE_TIME,8.093282,-5.874143,-27.851788
nonblocking,5.98387,-1.289187,-22.225634
Reminder,8.378146,14.802422,-27.05202
millis,0.20029299,-6.4734464,-20.205505
program,2.6355042,24.817114,13.389996
data,15.671861,22.497131,10.34854
Note,-6.7316117,13.143693,-28.424282
frequency,17.536268,-25.158947,-15.181038
necessarily,-18.283117,-9.358469,9.768105
constant,-8.301868,-9.3665285,-18.739809
Reminder,7.2454686,14.171531,-28.12314
can,-29.559315,8.616827,9.75784
How,-38.474426,-4.956481,12.263297
Timing,2.4015055,-13.024732,-31.841679
Keep,-31.011646,2.5440352,-16.891598
becomes,2.8166142,11.012561,-0.7011733
Keep,-30.920776,1.3929133,-15.685723
switch,4.419205,0.9616643,-7.9761634
Note,-8.3105755,25.24291,-20.843859
This,-5.9809885,-34.38776,-12.896094
Proper,-20.713903,5.167384,-5.3636293
using,-19.010237,8.419074,14.817352
using,-17.762608,8.207135,15.178677
just,-22.403933,-3.3770182,-21.26654
But,-32.104324,-18.017593,-4.7929955
Bonus,-16.031275,3.34564,-18.263638
Arduino,34.78421,-6.9390306,15.836098
Hands,5.8200264,21.869066,-14.76201
This,-5.881145,-34.274456,-5.9056015
Read,11.786223,30.550692,-7.482979
Detect,-2.0712645,11.24276,-12.234778
Detect,-2.5531888,11.296233,-12.888952
minimum,-2.364467,-16.39398,-10.144826
Blink,10.501598,7.68906,-14.788499
Examples,-4.038584,26.957138,3.4252222
Twinkle,10.738487,7.6971498,-16.526531
Zelda,30.416605,5.781199,7.413779
Mario,29.859116,8.231346,7.137335
Tetris,30.631561,5.0693865,7.4373064
Hands,7.6124606,21.526394,-13.921239
Each,-16.223825,-19.152117,-11.018644
melody,27.474573,7.723003,-3.9489648
Make,-14.716418,10.268764,0.57583416
duration,-1.240894,-9.984692,-26.348
When,-30.159058,-2.563343,14.610389
Attention,-0.093663536,19.424034,-25.5172
knock,15.807506,13.612375,-14.268763
otherwise,-21.52946,-12.422234,4.96772
knocks,16.293697,13.7317,-15.660773
Hands,5.8200264,21.869066,-14.76201
We,2.8198254,-38.166687,17.986204
tape,17.029037,15.419749,-0.75367975
minute,3.0930614,-11.330402,-24.62585
Note,-8.862146,16.256395,-28.923853
absorption,8.180001,18.958092,-5.6343822
Fun,-19.547117,-0.3894475,-12.927353
speaker,13.168337,18.602901,1.2966901
Music,23.428936,6.6743298,-5.66519
Hacking,6.4195757,9.423752,-11.298355
use,-24.851482,8.914254,26.21069
This,-6.7156496,-34.88501,-5.7860785
Wireless,12.72142,-9.567388,15.557133
game,-2.1005094,25.45971,5.5437703
Simple,-18.51586,-1.4442996,-25.71943
int,0.17216586,-24.922453,21.754564
int,-3.6981242,-23.004793,25.333609
Elemental,-10.26593,-5.019078,-24.829693
int,0.1194841,-20.36567,23.458899
ASCII,14.705326,-2.733315,30.643196
char,15.853478,23.103666,-20.261353
Pins,22.191526,16.174925,-3.2181408
int,1.5762885,-22.00933,27.43904
Pins,22.33906,15.735841,-3.3297427
int,-2.956299,-21.77403,20.21236
void,-1.3398627,-20.115166,15.2441
Serialbegin9600,4.9614,1.0707651,30.769691
Returns,-2.5497055,21.244528,22.640144
char,15.853478,23.103666,-20.261353
char,15.7074795,21.80568,-20.188116
Activate,-3.850337,1.5040424,-0.39465567
digitalWritecolPinscolumn,24.438292,18.169846,-10.090989
Scan,6.1480665,11.787564,-8.28265
delaydebounceTime,5.7191243,-5.851005,-26.459345
wait,-1.9430258,-3.6519883,-32.683163
keyPressed,1.9894392,0.8232381,25.56341
digitalWritecolPinscolumn,24.438292,18.169846,-10.090989
return,-2.8008616,21.576666,21.051592
void,-1.3398627,-20.115166,15.2441
Set,-9.11544,16.863558,12.432108
pinModerowPinsrow,24.433546,16.998482,-5.431123
Set,-8.669646,16.290247,13.568321
pinModecolPinscolumn,24.449526,18.001106,-8.11477
start,-3.8542402,8.116493,-2.43236
digitalWritecolPinscolumn,24.438292,18.169846,-10.090989
char,15.7074795,21.80568,-20.188116
SerialprintlnkeyOressed,2.5227258,1.3150626,26.901745
obviously,-17.091988,-9.360808,9.077367
library,4.292313,13.013192,19.374338
MONOME,29.85307,6.8860383,-3.5702074
Reading,10.91007,26.473595,-7.930326
digital,32.35255,8.581785,19.301224
then,-25.916636,-14.688088,12.109488
Make,-14.893826,10.841539,1.4827632
Reading,11.221404,27.27043,-7.2381706
scanning,6.310137,10.283248,-9.087641
digital,32.35255,8.581785,19.301224
then,-25.916636,-14.688088,12.109488
Other,-16.081303,-18.020056,-2.3056533
Analysis,-11.110691,7.500973,-11.64781
Real,-25.750406,10.033466,-8.969318
Generation,-9.465021,14.789739,-4.8823195
Arduino,34.78421,-6.9390306,15.836098
Mp3,31.929731,4.8058615,-6.1121616
Send,5.9857264,28.881382,1.9491751
Guitar,18.755667,9.310356,13.432327
MIDI,32.275505,5.7259507,-3.7559497
Stereo,20.24475,-1.2483591,-3.799275
acquisition,8.390329,18.626244,-5.966856
Arduino,35.818157,-7.5304165,12.414899
Next,-2.9340851,-26.39337,2.352297
Event,-11.785806,26.343323,13.779279
Hardware,12.397505,12.43818,17.265842
Photointerrupters,23.856815,-9.404416,-4.8601427
Distance,1.8538611,-11.473527,-13.273848
SIMPLE,-18.018032,-1.6065884,-28.52414
Bonus,-15.407411,3.5522683,-17.467361
pin,22.950241,15.239637,1.3241453
5V,10.7410345,-35.123047,-2.2361538
GND,33.76997,1.6922896,-18.04511
A0,9.781544,-27.844036,-1.4509336
GND,33.61024,2.3069177,-20.399002
5V,5.4953237,-33.482243,-2.0820668
Note,-12.496659,23.78109,-18.688581
Our,-9.494086,-31.445147,16.073845
When,-30.396048,-1.8396192,15.675556
When,-30.88096,-3.0518398,15.585813
More,-7.7440104,-20.277369,-1.0299087
logarithm,18.898996,3.3312712,-18.650187
This,-7.244923,-36.830658,-12.940911
perceive,-1.8249673,14.471353,-18.453844
brightness,0.25977373,-12.608907,6.268154
should,-27.810497,3.2808616,5.4548864
Hardware,11.144314,14.460104,16.93295
LECTURE,4.424352,33.098553,-16.625048
Event,-11.335977,26.531504,12.871085
Hardware,10.320027,13.139321,15.977299
Photointerrupters,24.265903,-9.651115,-4.8613224
Distance,1.615223,-10.577063,-12.6889105
SIMPLE,-17.688057,-1.1935186,-28.557337
Dr,25.013758,28.972776,14.039065
Office,-3.262739,8.091256,33.126614
Email,3.9720955,34.852005,-0.19040658
But,-32.494743,-15.350014,-9.314184
large,-4.4604616,-9.150649,-14.311151
tone,30.364508,15.705998,10.034592
could,-30.04186,3.5492775,8.961367
If,-23.308077,-24.307337,16.501368
LED,21.775118,1.4031181,6.444765
weak,-8.681896,-6.8768373,-6.52618
transistor,22.287745,-11.164153,0.19940242
soon,-10.417344,-19.322472,7.9936666
something,-14.853942,-11.496522,-10.439483
better,-4.4217725,-14.341107,4.7481375
amplifier,18.636217,2.6029203,-14.653487
breakout,2.3965688,5.4399385,14.918801
modules,1.5646238,13.502201,14.238433
Event,-11.328871,27.25123,13.608582
Laser,16.946198,-3.7358625,0.85920525
High,-12.783872,-4.3111463,-6.011669
triggered,0.6099011,3.6040719,-0.39077854
Rotary,13.25878,-6.8099747,-8.637112
Magnetic,21.271748,-3.352406,-7.4981155
Many,-8.849145,-12.587183,-6.5947585
Note,-6.9695168,16.963804,-27.75892
Detecting,-0.079080015,7.860595,-13.331777
With,-19.427198,-0.8748307,12.627282
We,12.541254,-38.165833,12.085381
use,-24.851482,8.914254,26.21069
optocoupler,21.451006,-6.118075,-3.0930877
It,-18.14549,-31.711704,-1.739463
line,7.453806,11.381077,4.903587
Line,7.408321,11.384441,4.439384
Ultrafast,10.825368,-16.565393,-20.14603
Problem,-21.453938,20.639723,-8.221456
If,-23.308077,-24.307337,16.501368
continuous,-9.443838,-9.5371895,-19.97671
fast,9.870405,-16.054193,-18.294231
EXTERNAL,-6.525328,-8.851499,17.40421
Problem,-21.631233,22.308332,-8.059611
sampling,-3.1102397,20.991009,-4.801194
period,-4.3043075,-13.895402,-26.205873
last_state,-3.1728716,-23.726984,6.9679556
new_state,-3.3383737,-23.771318,7.4149065
OK,-23.469807,11.351345,-21.554836
NOT,-34.721355,4.628608,-3.0828948
For,-15.696135,-5.0376678,29.03216
To,-13.75788,-11.375554,30.849714
Switches,7.8456235,1.1267618,-8.962232
Polling,-7.8946824,8.926502,-18.096514
External,-6.6230965,-6.9403257,18.21551
interrupt,0.2321882,5.377939,-5.35807
service,7.9477735,16.11024,14.40422
routine,4.005069,21.330484,13.359475
Arduino,23.666985,-14.3897505,4.7051015
Note,-15.897132,27.467722,-20.044266
Important,-8.615869,9.232274,-28.385876
Hence,-20.584753,-10.0195,12.93074
Inside,-4.1036897,-10.834125,22.381775
Serial,8.266863,0.8854809,35.816
Declare,-6.10362,17.967033,-10.391867
What,-19.905699,-19.862284,-23.672132
An,-36.177586,-22.04203,6.9068847
thresholds,0.30420467,-21.43463,-8.319462
HIGH,-11.780848,-3.53206,-4.677543
LOW,-8.85505,-5.044644,-5.618423
electronic,22.602787,-1.5601082,1.0702738
This,-5.9809885,-34.38776,-12.896094
PIR,21.644726,31.51929,0.021660844
digital,32.403923,7.288006,19.069906
Fortunately,-13.7172365,-22.16866,9.896555
another,-13.724608,-16.999392,3.0421395
condition,-6.7390757,7.972841,13.23582
External,-7.574757,-7.019226,17.55276
Remember,5.0669923,19.038422,-27.395926
External,-6.6230965,-6.9403257,18.21551
ISR,21.637154,27.680086,1.6675066
bouncing,12.709523,-5.630807,-26.223707
OK,-22.359663,12.992687,-20.862036
OK,-21.524784,12.098406,-21.818264
Fortunately,-13.7172365,-22.16866,9.896555
Set,-8.669646,16.290247,13.568321
Set,-8.669646,16.290247,13.568321
Use,-18.479229,21.36024,23.650627
note,-11.701348,30.037907,-22.495054
interrupt,0.40775,5.472997,-4.928823
Accept,4.202002,20.522326,-1.256645
Note,-15.897132,27.467722,-20.044266
ISR,21.240107,27.421427,1.5203514
cannot,-35.70796,6.8526607,7.4199224
instance,-6.556047,34.79625,2.9953701
OK,-22.359663,12.992687,-20.862036
NO,-34.069653,3.386735,-2.6877847
OK,-22.359663,12.992687,-20.862036
minimum,-2.1924949,-16.012957,-9.907105
DEBOUNCE_TIME,7.412836,-5.8597736,-27.486645
Distance,2.6451716,-10.742106,-13.077686
Lidar,15.139295,-2.2548456,1.7290224
Radar,15.2874365,-3.2705135,0.30113283
Sonar,13.508644,-5.2038374,0.908034
Measuring,-4.578251,2.6374755,-16.664402
Note,-12.496659,23.78109,-18.688581
Haptic,18.20032,-3.47849,-10.529629
Ultrasonic,14.7512455,-6.2926745,0.51590925
Detects,-1.1687683,8.776173,-13.803204
It,-20.745348,-33.069405,0.4837868
time,0.90489256,-15.454415,-23.97376
In,-0.22677092,-12.841776,27.399673
working,-15.791685,15.538946,-0.3631226
HCSR04,23.27981,-9.516976,13.799333
HCSR04,23.466026,-9.435126,14.20602
Note,-5.1360626,16.012028,-32.73623
This,-5.61125,-36.08048,-15.043375
Echo,13.916586,17.872229,-0.6312717
Using,-16.897224,5.31782,12.042233
without,-15.318676,-2.4123197,13.895381
set,-10.46362,16.981085,13.799219
time,1.6713513,-15.523857,-25.124075
start,-4.2431273,7.694591,-2.768604
stop,-1.0936941,6.2009826,-4.7536097
duration,-1.347305,-10.786483,-25.702143
Bonus,-16.031275,3.34564,-18.263638
Note,-9.532047,25.144659,-20.390486
of,-9.895356,0.8713971,31.231731
Check,-8.824029,28.700033,-6.7440343
maximum,-2.787048,-16.831556,-8.676485
Check,-8.824029,28.700033,-6.7440343
Note,-15.897132,27.467722,-20.044266
distance,2.3969965,-11.535129,-11.722876
correspond,-25.416359,-1.8083438,1.3606509
scale,-2.1652594,-4.4388766,-14.83187
Use,-22.04801,18.595676,14.664418
transform,4.0460763,-2.8821192,-9.124178
Note,-15.897132,27.467722,-20.044266
MID,32.532413,4.0747876,-2.9117577
Deadline,0.65402025,-16.788797,-30.567595
SECRET,-8.640584,-8.808066,4.7884803
same,-25.861856,-3.295819,-5.111991
other,-15.980252,-17.598791,0.7715638
ZOETROPE,37.44025,-8.523834,-2.9694386
rotation,7.0973396,-6.576457,-8.101789
speed,9.52975,-12.237699,-14.140459
Hint,0.6148186,21.634077,-9.720481
Secret,-8.568449,-8.642944,5.218219
recognize,-1.6039733,13.972738,-17.121088
Do,-28.212526,7.4696727,3.2909267
Use,-21.048119,18.654203,14.039205
In,0.5164528,-12.620794,26.343882
Assignment,-3.5815616,19.929338,15.655775
cleaned,-14.855579,6.5137324,3.459556
However,-26.445713,-12.812067,-1.0647919
previous,0.0790539,-23.633997,2.0030727
How,-38.062862,-7.204103,15.244399
threshold,-0.03002323,-19.87109,-8.796691
Reminder,8.52169,15.101035,-28.701866
detect,-1.0924004,12.200263,-13.387866
Code,-0.22584192,32.815125,15.683301
super,-15.493165,-1.7893487,-8.124995
Advantage,-17.685627,6.27175,-17.573475
Disadvantage,-17.990099,6.7392707,-17.486897
cannot,-35.70796,6.8526607,7.4199224
Press,0.9057113,0.55938035,22.0755
Wait,-2.1120715,-3.3060174,-32.962303
knocks,16.293697,13.7317,-15.660773
How,-38.474426,-4.956481,12.263297
Picture,4.776033,12.682593,28.611666
build,-8.496378,15.095072,5.565212
Your,-9.044765,-30.276833,15.081756
demonstrating,-2.884528,23.854132,3.405647
Note,-15.897132,27.467722,-20.044266
evaluated,-6.971295,2.499581,-14.212059
information,15.0033455,21.971132,8.87168
Next,-2.9340851,-26.39337,2.352297
Hardware,15.28866,13.860034,22.640766
Alvaro,24.11644,-4.1941113,17.738186
WiredWireless,12.272647,-10.489815,14.051739
Serial,7.7292647,1.1230882,37.389626
SerialUSB,8.342182,-0.96740484,29.887049
Serial,8.266863,0.8854809,35.816
Arduino,22.775496,-4.338263,12.765147
also,-21.276724,-7.118045,-0.7002106
usb,12.09982,-3.456683,28.652025
Arduino,34.78421,-6.9390306,15.836098
Modembridge,10.187744,-2.7336016,-14.680592
protocolhardware,7.937514,14.553612,15.267035
Modems,10.690864,-2.452251,-15.250066
modulators,11.834953,-1.8747106,-16.645252
shields,10.035537,3.315458,3.4786139
Ethernet,12.26369,-6.6156883,16.998564
UARTtoUSB,9.077223,-0.32043397,29.11913
Arduino,34.78421,-6.9390306,15.836098
RX,21.691906,28.029045,-0.37734425
computer,13.15575,7.4361796,19.765295
Note,-5.1360626,16.012028,-32.73623
boards,13.085277,10.079934,4.1880064
usb,12.39458,-2.7746012,28.268696
additional,-14.132632,-12.042392,0.49941042
computer,12.324761,7.4143186,19.65834
Serial,8.266863,0.8854809,35.816
Serialprint,3.0453134,1.955552,28.033854
Serialwrite,3.3636725,1.5990126,29.693295
Tranforms,4.3843307,-3.1358085,-9.673042
Sends,4.8323116,27.76004,1.3091358
whatever,-14.167007,-10.948144,-11.514235
Note,-5.1360626,16.012028,-32.73623
If,-21.479084,-24.277,16.177721
Serialwrite,3.6144269,2.0512223,29.638206
Serialwrite200,2.858133,2.342517,30.929646
But,-31.620323,-16.201971,-9.482331
instance,-6.556047,34.79625,2.9953701
Talking,12.9523535,20.049177,3.397242
MIDI,32.275505,5.7259507,-3.7559497
Commands,-4.9143667,11.637826,21.523075
Data,16.56934,23.241636,10.229058
velocity,8.569745,-10.432136,-13.045242
Sending,6.254713,26.298664,0.28643885
Using,-18.105515,5.636795,11.603234
ndandReceiveMIDIwithArduino,33.921185,6.7674227,-4.210326
MIDI,32.473324,5.26544,-4.636454
Wiring,11.992506,-11.171509,10.115513
just,-21.91677,-3.750853,-21.129894
If,-23.082249,-27.8445,12.140833
Also,-21.789839,-9.477401,-2.0215032
run,-8.664782,18.44667,26.022938
shields,10.035537,3.315458,3.4786139
Other,-16.250458,-16.934977,-2.4857895
UART,13.588027,-2.8207695,29.801247
Arduino,34.78421,-6.9390306,15.836098
Asynchronous,6.0345798,0.45411193,-22.58123
receiving,6.471597,21.666677,-2.784672
Arduino,34.78421,-6.9390306,15.836098
other,-16.90217,-16.65106,0.46072394
bluetooth,12.442689,-9.852409,23.58883
protocols,11.696765,24.3286,18.058968
instance,-7.6512017,34.21959,2.1264727
As,-15.325695,-11.249719,19.599293
Computer,12.803746,6.3910575,19.434555
We,-14.553427,-27.005045,28.776224
Arduino,23.459497,-4.051836,11.25955
Receiving,7.3522916,22.316961,-3.3226845
Receiving,7.3522916,22.316961,-3.3226845
How,-38.474426,-4.956481,12.263297
Arduino,34.78421,-6.9390306,15.836098
This,-8.041895,-34.830875,-14.670375
int,-0.29244685,-20.822472,23.225
setTimeout,3.7034938,-11.010151,-28.355484
Note,-5.1360626,16.012028,-32.73623
send,8.383368,29.779762,2.1806731
reading,9.873889,27.811718,-7.9769015
using,-18.72591,7.451494,15.664135
right,-18.25225,2.9906337,-4.624226
Note,-5.1360626,16.012028,-32.73623
needs,-9.810211,5.5590034,10.472606
Callbackbased,1.5731868,3.5204232,1.1385518
data,16.29946,22.13037,9.969281
SerialEvent,5.85707,0.6907972,31.71399
hardware,15.677029,13.87998,23.341173
runs,-8.002658,17.968332,26.981447
can,-30.86976,9.365126,10.0337925
bytes,3.5225058,23.905783,-23.488235
interrupts,1.8352275,5.2418613,-5.7085314
equivalent,-25.886677,-2.2846403,-0.1481664
Interfacing,1.2844961,19.380262,4.4061394
Reading,11.372439,27.357342,-8.394289
interesting,-18.704422,-4.543499,-13.108936
Using,-17.95895,4.679909,12.507421
testing,-3.6796777,22.682661,-5.4001465
What,-19.905699,-19.862284,-23.672132
interesting,-18.088512,-4.1960177,-13.96685
What,-20.58595,-23.3354,-20.915487
not,-36.046745,4.8427453,-1.3793952
We,2.8198254,-38.166687,17.986204
languages,9.997394,20.10557,7.229547
Openframeworks,-9.0149975,4.19549,-4.673462
Note,-5.1360626,16.012028,-32.73623
amazing,-17.489141,-1.5610723,-10.720061
Review,-10.709297,7.3980517,-12.14059
Processing,-14.552552,20.130444,4.4330797
ideal,-22.944021,3.5021408,-3.8496249
It,-23.312332,-29.7682,-0.007899098
example,-4.676635,29.488306,3.8218393
Lot,2.37307,8.319564,7.2544794
interfacing,0.5907335,20.371716,4.088909
Arduino,34.78421,-6.9390306,15.836098
Processing,-13.87732,20.795046,4.8378906
Arduino,34.78421,-6.9390306,15.836098
Remember,5.0669923,19.038422,-27.395926
use,-24.851482,8.914254,26.21069
connected,-7.1714897,0.28107736,4.9807653
input,-19.686977,27.600632,8.557236
Otherwise,-22.068867,-14.2940035,4.0917654
pulldown,2.3767788,5.3339257,19.561634
Processing,-14.483399,20.234655,5.4551606
Super,-15.837955,-1.7239002,-8.531724
Write,10.436299,30.236109,6.353989
Put,-5.339856,2.6633704,23.405334
Or,-25.320349,-11.516928,6.6409674
creative,-15.519487,12.780596,-2.254795
Atari,31.721273,2.4632385,7.091245
Sinergia,4.2108603,0.44283378,-19.151167
There,-7.6611137,-32.748703,10.126239
wont,-33.29771,11.546686,1.2421457
Note,-5.1360626,16.012028,-32.73623
Note,-15.897132,27.467722,-20.044266
Note,-15.897132,27.467722,-20.044266
Sometimes,-12.957053,-11.698785,-6.3093452
means,-11.719622,-5.872633,-14.348927
hardwarebased,12.781431,14.223763,19.3081
In,0.5164528,-12.620794,26.343882
Cheap,-6.9040704,-3.8276742,-9.933104
ideal,-22.771648,3.729325,-3.4549124
Arduino,24.549215,-16.67647,5.399069
Remote,-7.4100127,-8.072913,12.237149
Arduino,34.78421,-6.9390306,15.836098
Nonmodulated,11.604273,-1.4485629,-19.346088
We,-27.358301,-14.955082,27.512392
asynchronous,5.596263,0.1740359,-22.22024
sensor,8.467975,5.618859,-2.9068453
protocol,11.185587,26.017641,18.585257
Having,-21.695536,1.9725953,8.977151
sides,12.3951845,7.854766,3.8659115
elementary,-11.145008,-3.3132498,-26.110582
have,-23.769745,3.3369055,7.780735
Simple,-17.717636,-0.87800336,-25.362816
Note,-15.897132,27.467722,-20.044266
However,-26.445713,-12.812067,-1.0647919
there,-10.230913,-34.101143,6.9900775
very,-7.411359,-11.343547,-2.9136205
Note,-8.577739,15.667501,-31.34125
IR,20.618828,30.155266,-0.77462345
transparent,-0.20596413,-14.668555,7.551785
black,-1.4445214,-11.002256,7.28449
It,-18.14549,-31.711704,-1.739463
photodiodes,23.656569,-11.246523,-2.0974574
Phototransistor,22.401714,-11.452391,-1.3781234
IR,20.609129,30.042118,-0.34382275
Demodulating,12.749944,0.4158641,-17.459866
An,-36.177586,-22.04203,6.9068847
An,-36.177586,-22.04203,6.9068847
In,-0.22677092,-12.841776,27.399673
sensor,8.444348,4.966923,-2.1057143
38kHz,15.076431,-26.080751,-8.8339
Otherwise,-22.61534,-14.043658,3.8693774
not,-36.15822,5.941408,-1.2056854
use,-24.851482,8.914254,26.21069
Problem,-22.6867,21.27785,-7.2746997
However,-26.445713,-12.812067,-1.0647919
With,-19.64257,-1.3243704,13.528575
Note,-5.1360626,16.012028,-32.73623
Period,-4.745008,-14.118795,-26.401278
600us,3.4948123,-10.161465,-23.779354
infrared,15.7134695,-3.008797,-2.0992458
Much,-7.825219,-13.188735,-4.550157
Perfect,-21.49219,3.9646754,-4.558532
compared,-8.916668,3.484655,-12.744299
td_libs_TimerOnehtml,5.6928916,-12.150142,-26.119997
To,-13.75788,-11.375554,30.849714
use,-24.851482,8.914254,26.21069
Input,-17.054188,29.348564,6.745742
should,-28.276136,3.3565123,5.5292087
there,-10.230913,-34.101143,6.9900775
IrDA,18.865452,30.311543,-0.36398825
Problem,-21.657543,19.270594,-6.0905657
synchronization,3.9396858,0.6921812,-21.114386
corrupted,-15.132555,5.1445155,2.475965
How,-36.56301,-8.885001,18.50208
lengths,1.3899515,-8.351171,-15.312682
There,-6.479741,-33.676014,9.376396
NEC,11.498766,-17.637367,25.748156
Fortunately,-13.7172365,-22.16866,9.896555
instance,-6.556047,34.79625,2.9953701
Ken,29.389301,11.103935,5.4033456
Decoded,-0.66720587,13.169294,-6.4135604
Note,-15.897132,27.467722,-20.044266
again,-13.166341,-17.06681,3.6272225
Ken,29.389301,11.103935,5.4033456
IRsendDemoino,15.096668,30.326092,0.17328878
send,7.467509,29.60501,1.3012321
IRrecvDemino,15.216229,29.885794,0.0506596
receive,5.3048987,21.178158,-1.914975
To,-12.457977,-10.386368,31.255816
train,10.859797,8.941721,8.62306
remote,-7.4473176,-7.6390743,12.361487
ones,-12.639362,-14.831679,-9.268383
Arduino,22.329243,-2.9820945,11.883236
encode,-2.222059,14.489928,-6.7342157
Typically,-22.668829,-15.928003,3.3585143
840850nm,14.152327,-26.484037,-7.7955017
940950nm,13.734596,-26.666693,-7.3461304
Task,-3.760575,21.264881,15.66555
Use,-22.253912,19.136778,12.4703
around,-6.4974403,-17.616165,21.607775
use,-20.666876,9.857935,26.063192
protocol,11.185587,26.017641,18.585257
commands,-5.5449767,11.159747,21.430588
instance,-7.8429937,34.310574,3.623194
turn,3.2177136,2.3640194,-10.964364
Sending,6.200657,26.63121,-0.13514069
By,-18.772537,-0.12400396,18.198599
send,7.166157,29.985455,2.610237
control,-9.019014,8.754911,18.34034
why,-28.536757,2.1884067,4.294576
instrument,17.312637,11.906996,14.1527815
Bluetooth,12.366953,-8.371525,23.33944
Firstsimple,-16.197351,-2.0507653,-26.73605
controlled,-9.404305,6.900188,17.862041
Most,-9.009,-14.310947,-3.6811385
There,-6.479741,-33.676014,9.376396
Not,-35.46591,6.3568363,-3.177575
correction,-17.278898,4.05142,-5.1401496
Bandwidth,20.318016,-23.661278,-12.022386
performs,3.485996,14.185213,-0.44430786
Bluetooth,14.539839,-3.8927705,21.876745
wireless,12.275391,-11.045208,16.27927
communication,12.389357,19.958807,5.396054
programming,2.364541,22.64603,12.897334
Bluetooth,11.174216,-5.871867,21.481485
We,-27.358301,-14.955082,27.512392
Bluetooth,11.579639,-5.064717,22.769625
Bluetooth,11.729439,-8.624194,23.124138
Bluetooth,9.842194,-5.0574903,21.390282
communication,11.793748,19.65622,4.9682245
Bluetooth,15.972708,-3.6451578,21.86681
Bluetooth,10.187686,-5.7797356,22.725016
Bluetooth,11.227622,-4.3162255,21.416822
sort,7.0982647,-1.9027004,-4.3617535
adapted,-14.433559,-0.058047693,4.905981
protocol,11.185587,26.017641,18.585257
there,-10.064956,-33.129574,6.497357
containing,-5.0551825,-13.566773,23.80912
even,-28.54826,-6.170822,-3.656889
Bluetooth,10.28077,-4.209855,22.6544
based,-7.6408787,-0.47709933,11.13032
turning,3.3825507,3.0092518,-11.549023
They,-3.0727398,-31.992657,14.697001
One,-12.158023,-17.345823,-11.4081745
Course,-3.6853147,24.55934,11.827935
Alvaro,24.11644,-4.1941113,17.738186
W1,11.756125,-25.66752,4.658125
Introduction,-12.112923,8.435445,-10.784772
W2,14.159092,-26.974842,5.2949047
W3,9.653684,-25.283451,4.512262
Arduino,34.78421,-6.9390306,15.836098
W4,14.121073,-26.630207,5.860304
Analog,17.80719,3.7251616,-27.337742
W5,11.230591,-24.92124,5.1889973
Timing,1.9232161,-13.1215515,-33.26655
W6,11.407347,-24.072878,6.041665
Catching,0.81283015,6.3118706,-12.626327
W7,11.577318,-22.64184,5.990219
Power,-4.201742,-1.4382427,12.551696
W8,11.414733,-21.585945,7.2089877
Power,-4.201742,-1.4382427,12.551696
W9,12.084803,-24.511974,7.889241
Wireless,11.843222,-9.563575,15.556929
W10,11.179165,-20.845673,5.9699197
IMU,24.313204,-5.116291,-19.16941
W11,10.114126,-24.049938,7.941655
Project,-2.6663275,22.094158,14.165647
W12,9.499529,-23.284058,7.894492
Biosensing,12.490675,4.021398,-2.8870683
W13a,8.064848,-25.19962,7.164759
Help,0.10548693,23.106585,-9.824107
W13,8.676336,-24.831594,7.095416
Project,-2.4989786,22.328306,14.519674
Demo,-2.9906774,25.416569,4.264518
Deadline,0.1965947,-16.71122,-30.558167
Hardware,10.997205,11.726434,16.50293
SM3610,19.273336,-16.187548,17.287798
LECTURE,4.007356,31.68361,-16.95527
Kinematic,18.152424,-7.3905067,-25.648994
Dynamic,15.13496,-12.174227,-29.214067
Real,-25.640823,10.259959,-7.219116
Balancing,0.01786257,2.170464,-21.14419
Dr,25.013758,28.972776,14.039065
Kinematics,18.718061,-7.8449574,-26.764418
Rangefinders,13.477776,-13.684065,2.7300017
We,-27.358301,-14.955082,27.512392
ultrasound,15.328424,-6.5911922,0.36688298
rangefinders,14.437458,-14.445958,3.4611795
environment,-5.360691,8.668775,12.6809435
scanners,7.144698,10.053696,-7.7912717
Position,1.0656036,-11.252401,-3.2143822
Rangefinders,14.166364,-13.389847,2.5409832
We,-27.358301,-14.955082,27.512392
position,0.9360432,-10.957607,-2.8567886
things,-17.012884,-11.566816,-9.86214
evolved,-14.550001,-0.5381235,4.730878
map,0.50284976,2.4315038,7.3533325
scanning,6.7681966,10.502255,-9.228345
cameras,13.022326,-1.4707063,11.767711
Cameras,12.432418,-0.13999678,11.791824
Recently,0.32543957,-16.951426,-1.1376364
cheap,-7.1690125,-4.172956,-9.755347
camera,12.534634,-3.0322838,12.930761
Angles,8.402121,-8.48552,-4.2514853
Optical,20.191353,-2.868498,-2.756863
Obviously,-15.304838,-9.169905,8.312555
Bend,10.542016,12.256732,-1.4315667
motor,9.692843,6.244002,9.859511
Speed,10.853958,-12.14429,-15.474024
From,-16.813961,-0.824627,25.09142
From,-18.308477,-1.5683317,24.882322
Or,-25.320349,-11.516928,6.6409674
acceleration,16.985939,-10.486285,-18.165007
optical,20.582397,-3.002251,-2.2233849
Visual,6.3500524,-6.65614,1.0444107
mouse,3.249908,20.23597,-9.021814
vision,5.8921943,-6.4115067,0.8381863
BONUS,-14.403965,2.492571,-18.670912
ADNS2620,18.958828,-14.266439,17.42919
ADNS2620,18.958828,-14.266439,17.42919
But,-32.104324,-18.017593,-4.7929955
And,-27.860096,-8.86407,7.7736654
ADNS2620,18.721668,-14.477187,16.446552
Dynamics,16.690996,-9.626227,-28.326376
Microelectromechanical,27.256252,-1.0660899,-0.9222181
MEMS,28.838345,-0.6342119,-1.2220908
Seismograph,17.834415,-4.7435584,-15.462841
Earthquake,17.860266,-4.97901,-14.772644
circa,-8.004362,-18.220753,20.923016
Titan,29.605783,10.586233,8.428625
intercontinental,14.8531065,-2.6559985,-3.2538176
ballistic,13.245217,-5.7311387,-26.17353
inertial,23.475727,-7.783762,-24.23129
system,-5.5608897,14.123239,7.526469
Note,-15.897132,27.467722,-20.044266
Kinematics,18.718061,-7.8449574,-26.764418
Dynamics,16.690996,-9.626227,-28.326376
We,-10.45517,-33.496735,18.287401
speed,9.285189,-11.22847,-15.000306
cameras,12.718278,-1.0630158,12.854082
measure,-3.8195724,-1.7965343,-16.102413
rotation,7.5356574,-6.656865,-7.9906287
Since,-26.108894,-4.774276,17.455105
acceleration,16.961557,-10.832013,-17.181475
Note,-5.1360626,16.012028,-32.73623
Force,2.031916,-3.6499424,15.934414
scales,-1.6720355,-4.8070555,-14.73864
fictitious,-23.327639,11.611132,-4.1303887
embedded,-4.6642056,-6.910676,23.030066
So,-18.398607,-11.19145,16.774021
provided,-8.671049,3.7115583,10.315617
gesture,2.1025517,20.356012,-10.223211
Inertial,22.350054,-7.8479023,-23.285526
Inertial,22.512476,-6.8606734,-23.608883
spaceships,11.125413,-0.17808731,6.1794972
drone,12.979474,-1.4548566,7.3635373
orientation,3.46156,-7.604102,-3.8333843
There,-6.687184,-32.06576,8.939508
of,-10.2681,1.8503042,32.32196
acceleration,16.985939,-10.486285,-18.165007
These,-9.782448,-31.871431,-9.682443
mechanical,21.850142,-2.1726155,-0.6215402
cameras,11.855886,-1.4133762,12.074685
Computing,-11.516579,18.063017,4.818752
Obviously,-15.716862,-9.974121,7.802706
measure,-2.863358,-1.5618824,-16.513044
yourself,-9.0318365,-28.645006,14.582992
Suppose,-27.07639,-28.158104,-12.531495
measure,-3.483785,-2.2952483,-16.982592
approximate,-9.100789,-18.691666,21.325195
speed,10.234267,-11.12845,-14.026544
This,-5.61125,-36.08048,-15.043375
missiles,11.036333,-0.1641395,5.3701243
vertical,3.1969738,-8.473715,-5.7250185
accelerometer,21.352879,-9.545504,-16.126556
Step,-5.373878,21.766142,15.817399
Latitude,3.2787073,-10.284554,-7.05007
navigation,11.962005,17.782915,7.055263
compass,3.6467502,-2.7352731,2.501262
Longitude,3.3298647,-10.760485,-7.322358
Dead,-16.09883,0.3775286,-0.31078625
previous,0.0790539,-23.633997,2.0030727
throwing,1.7173375,4.9462776,-12.252094
thats,-9.71973,-28.307043,-17.64362
That,-9.832329,-29.17344,-18.614546
could,-29.41152,3.6443615,9.122598
exactly,-19.373756,2.110554,-5.626399
Today,1.695873,-18.01708,-0.33798736
GPS,12.27809,-5.58197,14.384637
course,-3.7951863,24.813217,11.342606
What,-20.58595,-23.3354,-20.915487
Orientation,4.0592184,-7.5841656,-3.5243711
stabilization,2.7603002,1.112285,-21.418276
drones,12.535076,-1.1641761,7.1186113
Gesture,2.159692,20.699074,-10.823234
today,1.4901794,-17.403769,-0.1115824
angle,7.5085583,-9.136103,-5.2248583
With,-20.12072,-0.45562226,13.262574
arduinogimbalselfstabilizingplatform,28.12149,-13.043458,10.567561
yHtpRAXFLg,10.030708,-22.77618,12.983866
arduinomarblemazelabyrinthbd9ea6,26.970064,-13.835535,10.110148
Funny,-20.332355,0.19331479,-13.447812
measurements,-5.022879,1.2024785,-17.838596
Hands,6.7078156,20.07922,-14.9795685
sensor,8.041693,4.6836686,-3.0094552
It,-18.14549,-31.711704,-1.739463
direction,1.7843127,-7.025928,-3.3686697
voltages,16.96111,-15.950742,-5.958665
We,-27.358301,-14.955082,27.512392
meters,0.84845024,-8.682188,-16.809261
1g,7.4177313,-35.760532,2.3407319
object,-8.136524,36.48621,2.56649
Setup,-5.9174094,12.937052,4.956356
Attention,-0.12935814,19.6977,-25.88392
powered,-6.2263694,0.50819904,11.7443695
5V,6.909702,-35.67086,-2.9588432
Accelerometer,20.761454,-7.509759,-15.2305155
Since,-26.529066,-4.2643948,18.249113
force,1.5816861,-5.294909,17.111843
force,1.4014776,-5.7463,16.042015
Core,4.992871,-1.4424853,3.972201
Range,3.6298935,-16.773842,-11.056539
mapped,-0.6971271,1.6482075,6.7643723
function,-3.211087,21.586493,18.432137
Range,3.7114453,-17.13279,-11.33318
map,0.6318014,2.4468875,6.888633
Setting,-8.31511,13.660942,11.257547
From,-16.813961,-0.824627,25.09142
It,-18.14549,-31.711704,-1.739463
So,-17.871174,-12.341831,17.073965
But,-33.791504,-14.730207,-14.495451
Fortunately,-13.7172365,-22.16866,9.896555
DEFAULT,-1.9475571,-21.659431,14.208883
boards,12.652639,10.073477,4.0530543
INTERNAL,-5.9958634,-10.0899,18.44209
EXTERNAL,-7.15683,-8.962195,17.989117
Manual,8.654968,5.4574523,10.495231
Problem,-22.6867,21.27785,-7.2746997
This,-5.61125,-36.08048,-15.043375
Ensure,-10.146353,26.915718,-6.970749
Reverse,9.149218,-2.6965725,-3.792544
Then,-25.47622,-13.01465,11.886178
Meaning,-12.591815,-5.564918,-14.563887
float,2.1148689,-19.035934,18.185862
Code,-0.6147091,35.049305,12.97851
Calibration,-0.6310425,2.4130614,-22.632544
does,-27.982021,7.198671,3.6550543
This,-4.192124,-37.908596,-7.197876
calibrate,-0.9658302,3.788365,-24.112953
Measuring,-4.954087,2.7909095,-16.89726
1G,7.520869,-35.424324,2.6387153
az,8.673811,-24.522148,17.242712
maintain,-33.26131,2.9318416,-17.968325
simplify,-19.165634,2.2886586,-27.944635
alpha,7.891445,-25.854725,18.78301
Accelerometer,20.89348,-7.3050985,-16.59964
only,-26.352283,-7.8226953,-22.203901
code,-1.2924784,35.97323,12.002096
time,0.64288217,-15.141614,-25.965519
understand,-1.3224125,14.880197,-17.785574
Reminder,7.2454686,14.171531,-28.12314
equivalent,-26.305134,-2.2132103,0.01984359
Digital,26.616405,6.353834,25.382376
Lot,2.04855,7.8429494,7.0290036
reduce,-3.5706782,-3.3498058,-7.6737328
selfcalibration,-1.794721,1.5397213,-24.17762
even,-28.64275,-5.6401086,-2.7739892
advanced,-13.364345,-6.354081,0.43116197
gyroscope,25.056398,-9.46884,-18.515455
3Axis,26.073305,-10.82445,-18.286217
Accelerometer,20.89348,-7.3050985,-16.59964
LIS3DHTR,22.06414,-10.14539,14.704313
Digital,26.834951,8.545117,22.679832
More,-7.7440104,-20.277369,-1.0299087
cannot,-35.70796,6.8526607,7.4199224
I2C,13.912038,8.38666,-28.616543
Two,-10.096569,-20.663586,-10.725887
Bus,10.8738985,8.27798,8.562618
alternatively,-20.533045,-11.040217,4.6982036
reconfigure,0.5497595,6.646391,-25.181404
To,-12.36538,-11.406076,29.9036
additional,-14.556884,-11.8789425,0.39646924
Three,-9.378096,-18.656013,-11.888031
highspeed,10.816567,-15.736315,-20.911621
only,-26.352283,-7.8226953,-22.203901
include,-18.695436,9.317666,16.839783
All,-17.968338,-17.100357,-7.0780582
I2C,14.050557,8.576496,-28.22175
only,-26.352283,-7.8226953,-22.203901
device,17.50036,12.39139,14.779032
HANDS,12.917871,-8.981303,-40.549267
Press,1.1245962,-0.22879754,21.440771
Beep,11.647706,8.394038,-13.946252
Note,-15.897132,27.467722,-20.044266
If,-21.479084,-24.277,16.177721
Record,15.659062,16.495075,-1.3951089
Same,-27.033949,-1.2370442,-6.2214885
Not,-36.12911,5.86558,-3.3337233
To,-14.964042,-11.490982,27.685558
Only,-24.937605,-8.544586,-23.155472
Accelerometer,22.0119,-7.3235984,-15.773667
Servo,23.153494,-7.337321,6.521904
motor,9.327992,6.4979596,9.758203
And,-27.860096,-8.86407,7.7736654
Two,-10.649676,-20.298998,-10.471416
of,-10.2681,1.8503042,32.32196
comgadgetskitchenliftware,18.48132,13.460478,15.7563095
levelsteadyspoonhtm,19.353584,14.36278,16.468027
ubecomwatch,12.541785,-20.258951,13.397064
vWiVQcgmIi08,10.478842,-22.370153,13.210753
pitch,18.059996,12.418849,0.6641425
inertial,23.475727,-7.783762,-24.23129
But,-33.791504,-14.730207,-14.495451
also,-21.042849,-7.112003,-1.2893468
of,-10.2681,1.8503042,32.32196
mwatchvem_29,11.695398,-21.17741,13.257285
75vRA,9.437946,-38.375923,-4.830263
Reminder,7.2454686,14.171531,-28.12314
Obviously,-15.304838,-9.169905,8.312555
limited,-8.980175,-9.447062,-7.53813
ServoMotor,22.727345,-7.827167,6.23915
Note,-5.1360626,16.012028,-32.73623
using,-17.762608,8.207135,15.178677
Servoh,23.888697,-6.60117,6.9378324
Real,-25.750406,10.033466,-8.969318
Model,-0.2314993,15.8361025,7.9551463
Setpoint,-12.709883,13.010789,13.054544
angle,7.970406,-9.163283,-5.4961905
PID,20.48727,10.20476,4.4943895
Making,-14.270911,15.503765,0.7701697
To,-13.301705,-10.037904,29.94574
Having,-21.695536,1.9725953,8.977151
considerations,-12.328894,13.217613,-14.794696
ArduinoSelfBalancingRobot1,28.660835,-12.660297,10.783457
There,-6.479741,-33.676014,9.376396
finally,-10.879942,-19.712503,8.228183
This,-5.5205646,-43.713333,3.3306923
use,-20.666876,9.857935,26.063192
setpoint,-12.687845,12.822187,13.482901
Error,-23.187181,21.651424,-9.783942
PWM,21.371145,6.3506684,5.868704
PID,20.057398,10.116212,4.641071
measured,-5.9342265,2.3512836,-15.357323
Hbridge,22.900597,-11.924576,3.8640413
IMU,23.897972,-5.0879116,-19.376719
accelerometer,21.352879,-9.545504,-16.126556
gyroscope,24.947514,-9.68114,-18.917425
More,-6.4156394,-20.062702,-2.0356328
control,-9.419309,8.082087,19.416986
few,-9.347921,-10.68593,-7.3577714
calibration,-0.60481596,2.1844256,-23.524834
Reboot,0.8682188,7.172228,-25.325203
